<?xml version="1.0" encoding="UTF-8" ?>
<!DOCTYPE mapper
PUBLIC "-//mybatis.org//DTD Mapper 3.0//EN"
"http://mybatis.org/dtd/mybatis-3-mapper.dtd">

<mapper namespace="com.sesoc.ictmd.Interface.UserDAO">
	
	<insert id="insertUserBase" parameterType="userBase">
		insert into userbase (
			userid,
			userpwd,
			username
		) values (
			#{userId},
			#{userPwd},
			#{userName}
		)
	</insert>
	
	<insert id="insertUserDetail" parameterType="userDetail">
		insert into userdetail(
			userid
			<if test="birth != null">
			, birth
			</if>
			<if test="model != null">
			, model
			</if>
			<if test="favorite != null">
			, favorite
			</if>
		) values (
			#{userId}
			<if test="birth != null">
			, #{birth}
			</if>
			<if test="model != null">
			, #{model}
			</if>
			<if test="favorite != null">
			, #{favorite}
			</if>
		)
	</insert>
	
	<select id="checkUser" parameterType="userBase" resultType="userBase">
		select
			userId,
			userName
		from userBase
		where userId=#{userId} and userPwd=#{userPwd}
	</select>
	
	<select id="checkEmail" parameterType="userBase" resultType="userBase">
		select
			userId
		from userBase
		where userId=#{userId}
	</select>
	
	<delete id="secesionUser" parameterType="userBase">
		delete from userBase where userId=#{userId}
	</delete>
	
	<update id="fixUserBase" parameterType="userBase">
			update userbase set userId = #{userId}
			<if test="userPwd != null">
				, userPwd=#{userPwd}
			</if> 
			<if test="userName != null">
				, userName=#{userName}
			</if>
			where userId = #{userId}
	</update>
	
	<update id="fixUserDetail" parameterType="userDetail">
		update userdetail set userId = #{userId}
			<if test="birth != null">
				, birth=#{birth}
			</if> 
			<if test="favorite != null">
				, favorite=#{favorite}
			</if>
			<if test="model != null">
				, model=#{model}
			</if>
			where userId = #{userId}
	</update>
</mapper>

